lang,direction,fcr_mean,sd,n,se,group
NSE,forward,-0.04555595768088087,0.5599295237001208,15,0.14457318135602792,children
NSE,reversed,-0.11422680086866935,0.5221855167871922,15,0.1348277206765006,children
SE,forward,0.30254226742340684,0.3568339299595127,20,0.07979049240678691,children
SE,reversed,0.1907870049141639,0.35438221379070856,20,0.07924227200528877,children
