lang,direction,fcr_mean,sd,n,se,group
NSE,forward,-0.30393296777281803,0.35272133573484615,16,0.08818033393371154,babies
NSE,reversed,-0.16875826783661102,0.3017440107063594,16,0.07543600267658986,babies
SE,forward,0.125152531720972,0.5522123756348561,10,0.1746248859138615,babies
SE,reversed,0.09566401318373222,0.534566421968838,10,0.16904474540681994,babies
